<?xml version="1.0" encoding="UTF-8"?>
<root>
  <item name="com.craftman.cardform.Card brand">
    <annotation name="android.support.annotation.StringDef">
      <val name="value" val="{com.craftman.cardform.Card.AMERICAN_EXPRESS, com.craftman.cardform.Card.DISCOVER, com.craftman.cardform.Card.JCB, com.craftman.cardform.Card.DINERS_CLUB, com.craftman.cardform.Card.VISA, com.craftman.cardform.Card.MASTERCARD, com.craftman.cardform.Card.UNKNOWN}" />
    </annotation>
  </item>
  <item name="com.craftman.cardform.Card funding">
    <annotation name="android.support.annotation.StringDef">
      <val name="value" val="{com.craftman.cardform.Card.FUNDING_CREDIT, com.craftman.cardform.Card.FUNDING_DEBIT, com.craftman.cardform.Card.FUNDING_PREPAID, com.craftman.cardform.Card.FUNDING_UNKNOWN}" />
    </annotation>
  </item>
  <item name="com.craftman.cardform.Card java.lang.String getBrand()">
    <annotation name="android.support.annotation.StringDef">
      <val name="value" val="{com.craftman.cardform.Card.AMERICAN_EXPRESS, com.craftman.cardform.Card.DISCOVER, com.craftman.cardform.Card.JCB, com.craftman.cardform.Card.DINERS_CLUB, com.craftman.cardform.Card.VISA, com.craftman.cardform.Card.MASTERCARD, com.craftman.cardform.Card.UNKNOWN}" />
    </annotation>
  </item>
  <item name="com.craftman.cardform.Card java.lang.String getFunding()">
    <annotation name="android.support.annotation.StringDef">
      <val name="value" val="{com.craftman.cardform.Card.FUNDING_CREDIT, com.craftman.cardform.Card.FUNDING_DEBIT, com.craftman.cardform.Card.FUNDING_PREPAID, com.craftman.cardform.Card.FUNDING_UNKNOWN}" />
    </annotation>
  </item>
  <item name="com.craftman.cardform.Card java.lang.String getType()">
    <annotation name="android.support.annotation.StringDef">
      <val name="value" val="{com.craftman.cardform.Card.AMERICAN_EXPRESS, com.craftman.cardform.Card.DISCOVER, com.craftman.cardform.Card.JCB, com.craftman.cardform.Card.DINERS_CLUB, com.craftman.cardform.Card.VISA, com.craftman.cardform.Card.MASTERCARD, com.craftman.cardform.Card.UNKNOWN}" />
    </annotation>
  </item>
  <item name="com.craftman.cardform.Card.Builder brand">
    <annotation name="android.support.annotation.StringDef">
      <val name="value" val="{com.craftman.cardform.Card.AMERICAN_EXPRESS, com.craftman.cardform.Card.DISCOVER, com.craftman.cardform.Card.JCB, com.craftman.cardform.Card.DINERS_CLUB, com.craftman.cardform.Card.VISA, com.craftman.cardform.Card.MASTERCARD, com.craftman.cardform.Card.UNKNOWN}" />
    </annotation>
  </item>
  <item name="com.craftman.cardform.Card.Builder com.craftman.cardform.Card.Builder brand(java.lang.String) 0">
    <annotation name="android.support.annotation.StringDef">
      <val name="value" val="{com.craftman.cardform.Card.AMERICAN_EXPRESS, com.craftman.cardform.Card.DISCOVER, com.craftman.cardform.Card.JCB, com.craftman.cardform.Card.DINERS_CLUB, com.craftman.cardform.Card.VISA, com.craftman.cardform.Card.MASTERCARD, com.craftman.cardform.Card.UNKNOWN}" />
    </annotation>
  </item>
  <item name="com.craftman.cardform.Card.Builder com.craftman.cardform.Card.Builder funding(java.lang.String) 0">
    <annotation name="android.support.annotation.StringDef">
      <val name="value" val="{com.craftman.cardform.Card.FUNDING_CREDIT, com.craftman.cardform.Card.FUNDING_DEBIT, com.craftman.cardform.Card.FUNDING_PREPAID, com.craftman.cardform.Card.FUNDING_UNKNOWN}" />
    </annotation>
  </item>
  <item name="com.craftman.cardform.Card.Builder funding">
    <annotation name="android.support.annotation.StringDef">
      <val name="value" val="{com.craftman.cardform.Card.FUNDING_CREDIT, com.craftman.cardform.Card.FUNDING_DEBIT, com.craftman.cardform.Card.FUNDING_PREPAID, com.craftman.cardform.Card.FUNDING_UNKNOWN}" />
    </annotation>
  </item>
  <item name="com.craftman.cardform.Card.CardBrand">
    <annotation name="android.support.annotation.StringDef">
      <val name="value" val="{com.craftman.cardform.Card.AMERICAN_EXPRESS, com.craftman.cardform.Card.DISCOVER, com.craftman.cardform.Card.JCB, com.craftman.cardform.Card.DINERS_CLUB, com.craftman.cardform.Card.VISA, com.craftman.cardform.Card.MASTERCARD, com.craftman.cardform.Card.UNKNOWN}" />
    </annotation>
  </item>
  <item name="com.craftman.cardform.Card.FundingType">
    <annotation name="android.support.annotation.StringDef">
      <val name="value" val="{com.craftman.cardform.Card.FUNDING_CREDIT, com.craftman.cardform.Card.FUNDING_DEBIT, com.craftman.cardform.Card.FUNDING_PREPAID, com.craftman.cardform.Card.FUNDING_UNKNOWN}" />
    </annotation>
  </item>
  <item name="com.craftman.cardform.StripeTextUtils java.lang.String asCardBrand(java.lang.String)">
    <annotation name="android.support.annotation.StringDef">
      <val name="value" val="{com.craftman.cardform.Card.AMERICAN_EXPRESS, com.craftman.cardform.Card.DISCOVER, com.craftman.cardform.Card.JCB, com.craftman.cardform.Card.DINERS_CLUB, com.craftman.cardform.Card.VISA, com.craftman.cardform.Card.MASTERCARD, com.craftman.cardform.Card.UNKNOWN}" />
    </annotation>
  </item>
  <item name="com.craftman.cardform.StripeTextUtils java.lang.String asFundingType(java.lang.String)">
    <annotation name="android.support.annotation.StringDef">
      <val name="value" val="{com.craftman.cardform.Card.FUNDING_CREDIT, com.craftman.cardform.Card.FUNDING_DEBIT, com.craftman.cardform.Card.FUNDING_PREPAID, com.craftman.cardform.Card.FUNDING_UNKNOWN}" />
    </annotation>
  </item>
  <item name="com.craftman.cardform.StripeTextUtils java.lang.String asTokenType(java.lang.String)">
    <annotation name="android.support.annotation.StringDef">
      <val name="value" val="{com.craftman.cardform.Token.TYPE_CARD}" />
    </annotation>
  </item>
  <item name="com.craftman.cardform.Token Token(java.lang.String, boolean, java.util.Date, java.lang.Boolean, com.craftman.cardform.Card, java.lang.String) 5">
    <annotation name="android.support.annotation.StringDef">
      <val name="value" val="{com.craftman.cardform.Token.TYPE_CARD}" />
    </annotation>
  </item>
  <item name="com.craftman.cardform.Token java.lang.String getType()">
    <annotation name="android.support.annotation.StringDef">
      <val name="value" val="{com.craftman.cardform.Token.TYPE_CARD}" />
    </annotation>
  </item>
  <item name="com.craftman.cardform.Token.TokenType">
    <annotation name="android.support.annotation.StringDef">
      <val name="value" val="{com.craftman.cardform.Token.TYPE_CARD}" />
    </annotation>
  </item>
</root>

